{
  "location_name": "usa-Washington-seattle_metro",
  "data_provenance_notices": [],
  "reference_links": [],
  "citations": [],
  "notes": [],
  "parent": "usa-Washington.json",
  "population_age_distributions": [{
    "num_bins": 16,
    "distribution": [
      [0, 4, 0.0605381173520116],
      [5, 9, 0.060734396722304],
      [10, 14, 0.0566101569658667],
      [15, 19, 0.0557345272362203],
      [20, 24, 0.0612425535030782],
      [25, 29, 0.084312667951918],
      [30, 34, 0.0848554024455934],
      [35, 39, 0.0764781040023024],
      [40, 44, 0.0697266360597407],
      [45, 49, 0.0701378396455174],
      [50, 54, 0.0681980977511943],
      [55, 59, 0.0653691662398127],
      [60, 64, 0.0591156851624661],
      [65, 69, 0.0453212116979792],
      [70, 74, 0.0312168948061224],
      [75, 100, 0.0504085424578719]
    ]
  }, {
    "num_bins": 18,
    "distribution": [
      [0, 4, 0.0605381173520116],
      [5, 9, 0.060734396722304],
      [10, 14, 0.0566101569658667],
      [15, 19, 0.0557345272362203],
      [20, 24, 0.0612425535030782],
      [25, 29, 0.084312667951918],
      [30, 34, 0.0848554024455934],
      [35, 39, 0.0764781040023024],
      [40, 44, 0.0697266360597407],
      [45, 49, 0.0701378396455174],
      [50, 54, 0.0681980977511943],
      [55, 59, 0.0653691662398127],
      [60, 64, 0.0591156851624661],
      [65, 69, 0.0453212116979792],
      [70, 74, 0.0312168948061224],
      [75, 79, 0.019743196072243],
      [80, 84, 0.0140175336124184],
      [85, 100, 0.0166478127732105]
    ]
  }, {
    "num_bins": 20,
    "distribution": [
      [0, 4, 0.0605381173520116],
      [5, 9, 0.060734396722304],
      [10, 14, 0.0566101569658667],
      [15, 19, 0.0557345272362203],
      [20, 24, 0.0612425535030782],
      [25, 29, 0.084312667951918],
      [30, 34, 0.0848554024455934],
      [35, 39, 0.0764781040023024],
      [40, 44, 0.0697266360597407],
      [45, 49, 0.0701378396455174],
      [50, 54, 0.0681980977511943],
      [55, 59, 0.0653691662398127],
      [60, 64, 0.0591156851624661],
      [65, 69, 0.0453212116979792],
      [70, 74, 0.0312168948061224],
      [75, 79, 0.02016],
      [80, 84, 0.01344],
      [85, 89, 0.01008],
      [90, 94, 0.00436],
      [95, 100, 0.00236]
    ]
  }],
  "employment_rates_by_age": [
    [16, 0.3],
    [17, 0.3],
    [18, 0.3],
    [19, 0.3],
    [20, 0.693],
    [21, 0.693],
    [22, 0.693],
    [23, 0.693],
    [24, 0.693],
    [25, 0.861],
    [26, 0.861],
    [27, 0.861],
    [28, 0.861],
    [29, 0.861],
    [30, 0.838],
    [31, 0.838],
    [32, 0.838],
    [33, 0.838],
    [34, 0.838],
    [35, 0.838],
    [36, 0.838],
    [37, 0.838],
    [38, 0.838],
    [39, 0.838],
    [40, 0.838],
    [41, 0.838],
    [42, 0.838],
    [43, 0.838],
    [44, 0.838],
    [45, 0.814],
    [46, 0.814],
    [47, 0.814],
    [48, 0.814],
    [49, 0.814],
    [50, 0.814],
    [51, 0.814],
    [52, 0.814],
    [53, 0.814],
    [54, 0.814],
    [55, 0.761],
    [56, 0.761],
    [57, 0.761],
    [58, 0.761],
    [59, 0.761],
    [60, 0.626],
    [61, 0.626],
    [62, 0.626],
    [63, 0.626],
    [64, 0.626],
    [65, 0.294],
    [66, 0.294],
    [67, 0.294],
    [68, 0.294],
    [69, 0.294],
    [70, 0.294],
    [71, 0.294],
    [72, 0.294],
    [73, 0.294],
    [74, 0.294],
    [75, 0.061],
    [76, 0.061],
    [77, 0.061],
    [78, 0.061],
    [79, 0.061],
    [80, 0.061],
    [81, 0.061],
    [82, 0.061],
    [83, 0.061],
    [84, 0.061],
    [85, 0.061],
    [86, 0.061],
    [87, 0.061],
    [88, 0.061],
    [89, 0.061],
    [90, 0.061],
    [91, 0.061],
    [92, 0.061],
    [93, 0.061],
    [94, 0.061],
    [95, 0.061],
    [96, 0.061],
    [97, 0.061],
    [98, 0.061],
    [99, 0.061],
    [100, 0.061]
  ],
  "enrollment_rates_by_age": [
    [0, 0.0],
    [1, 0.0],
    [2, 0.0],
    [3, 0.529],
    [4, 0.529],
    [5, 0.95],
    [6, 0.95],
    [7, 0.95],
    [8, 0.95],
    [9, 0.95],
    [10, 0.987],
    [11, 0.987],
    [12, 0.987],
    [13, 0.987],
    [14, 0.987],
    [15, 0.977],
    [16, 0.977],
    [17, 0.977],
    [18, 0.793],
    [19, 0.793],
    [20, 0.409],
    [21, 0.409],
    [22, 0.409],
    [23, 0.409],
    [24, 0.409],
    [25, 0.113],
    [26, 0.113],
    [27, 0.113],
    [28, 0.113],
    [29, 0.113],
    [30, 0.113],
    [31, 0.113],
    [32, 0.113],
    [33, 0.113],
    [34, 0.113],
    [35, 0.027],
    [36, 0.027],
    [37, 0.027],
    [38, 0.027],
    [39, 0.027],
    [40, 0.027],
    [41, 0.027],
    [42, 0.027],
    [43, 0.027],
    [44, 0.027],
    [45, 0.027],
    [46, 0.027],
    [47, 0.027],
    [48, 0.027],
    [49, 0.027],
    [50, 0.027],
    [51, 0.0],
    [52, 0.0],
    [53, 0.0],
    [54, 0.0],
    [55, 0.0],
    [56, 0.0],
    [57, 0.0],
    [58, 0.0],
    [59, 0.0],
    [60, 0.0],
    [61, 0.0],
    [62, 0.0],
    [63, 0.0],
    [64, 0.0],
    [65, 0.0],
    [66, 0.0],
    [67, 0.0],
    [68, 0.0],
    [69, 0.0],
    [70, 0.0],
    [71, 0.0],
    [72, 0.0],
    [73, 0.0],
    [74, 0.0],
    [75, 0.0],
    [76, 0.0],
    [77, 0.0],
    [78, 0.0],
    [79, 0.0],
    [80, 0.0],
    [81, 0.0],
    [82, 0.0],
    [83, 0.0],
    [84, 0.0],
    [85, 0.0],
    [86, 0.0],
    [87, 0.0],
    [88, 0.0],
    [89, 0.0],
    [90, 0.0],
    [91, 0.0],
    [92, 0.0],
    [93, 0.0],
    [94, 0.0],
    [95, 0.0],
    [96, 0.0],
    [97, 0.0],
    [98, 0.0],
    [99, 0.0],
    [100, 0.0]
  ],
  "household_head_age_brackets": [],
  "household_head_age_distribution_by_family_size": [],
  "household_size_distribution": [
    [1, 0.2781590909877753],
    [2, 0.3443313103056699],
    [3, 0.15759535523004],
    [4, 0.1365431154164401],
    [5, 0.0508878587181182],
    [6, 0.0197383681679539],
    [7, 0.0127449011740023]
  ],
  "ltcf_resident_to_staff_ratio_distribution": [
    [1.0, 1.0, 0.0],
    [2.0, 2.0, 0.0],
    [3.0, 3.0, 0.0],
    [4.0, 4.0, 0.0],
    [5.0, 5.0, 0.0],
    [6.0, 6.0, 0.0227272727272727],
    [7.0, 7.0, 0.1136363636363636],
    [8.0, 8.0, 0.1136363636363636],
    [9.0, 9.0, 0.25],
    [10.0, 10.0, 0.1590909090909091],
    [11.0, 11.0, 0.1363636363636363],
    [12.0, 12.0, 0.0227272727272727],
    [13.0, 13.0, 0.0909090909090909],
    [14.0, 14.0, 0.0909090909090909]
  ],
  "ltcf_num_residents_distribution": [
    [0.0, 19.0, 0.0],
    [20.0, 39.0, 0.0895522388059701],
    [40.0, 59.0, 0.1343283582089552],
    [60.0, 79.0, 0.1343283582089552],
    [80.0, 99.0, 0.1940298507462686],
    [100.0, 119.0, 0.1044776119402985],
    [120.0, 139.0, 0.1194029850746268],
    [140.0, 159.0, 0.0597014925373134],
    [160.0, 179.0, 0.0149253731343283],
    [180.0, 199.0, 0.0],
    [200.0, 219.0, 0.0149253731343283],
    [220.0, 239.0, 0.0149253731343283],
    [240.0, 259.0, 0.0],
    [260.0, 279.0, 0.0298507462686567],
    [280.0, 299.0, 0.0],
    [300.0, 319.0, 0.0298507462686567],
    [320.0, 339.0, 0.0149253731343283],
    [340.0, 359.0, 0.0],
    [360.0, 379.0, 0.0],
    [380.0, 399.0, 0.0],
    [400.0, 419.0, 0.0],
    [420.0, 439.0, 0.0149253731343283],
    [440.0, 459.0, 0.0149253731343283],
    [460.0, 479.0, 0.0],
    [480.0, 499.0, 0.0],
    [500.0, 519.0, 0.0],
    [520.0, 539.0, 0.0149253731343283],
    [540.0, 559.0, 0.0],
    [560.0, 579.0, 0.0],
    [580.0, 599.0, 0.0],
    [600.0, 619.0, 0.0],
    [620.0, 639.0, 0.0],
    [640.0, 659.0, 0.0],
    [660.0, 679.0, 0.0],
    [680.0, 699.0, 0.0]
  ],
  "ltcf_num_staff_distribution": [],