{
  "location_name": "usa-Washington",
  "data_provenance_notices": [],
  "reference_links": [],
  "citations": [],
  "parent": "usa.json",
  "population_age_distribution_16": [
    [0.0, 4.0, 0.0597884960432143],
    [5.0, 9.0, 0.0599794376624859],
    [10.0, 14.0, 0.0626995021466487],
    [15.0, 19.0, 0.0603129945489713],
    [20.0, 24.0, 0.0624857105674367],
    [25.0, 29.0, 0.0770083046472222],
    [30.0, 34.0, 0.0758513612732313],
    [35.0, 39.0, 0.0714214894418083],
    [40.0, 44.0, 0.0641345846881893],
    [45.0, 49.0, 0.0618112427843701],
    [50.0, 54.0, 0.0597621003998349],
    [55.0, 59.0, 0.0627794770064399],
    [60.0, 64.0, 0.0633701616030586],
    [65.0, 69.0, 0.0533019964955515],
    [70.0, 74.0, 0.0433911546754498],
    [75.0, 100.0, 0.0619019860160872]
  ],
  "population_age_distribution_18": [
    [0.0, 4.0, 0.0597884960432143],
    [5.0, 9.0, 0.0599794376624859],
    [10.0, 14.0, 0.0626995021466487],
    [15.0, 19.0, 0.0603129945489713],
    [20.0, 24.0, 0.0624857105674367],
    [25.0, 29.0, 0.0770083046472222],
    [30.0, 34.0, 0.0758513612732313],
    [35.0, 39.0, 0.0714214894418083],
    [40.0, 44.0, 0.0641345846881893],
    [45.0, 49.0, 0.0618112427843701],
    [50.0, 54.0, 0.0597621003998349],
    [55.0, 59.0, 0.0627794770064399],
    [60.0, 64.0, 0.0633701616030586],
    [65.0, 69.0, 0.0533019964955515],
    [70.0, 74.0, 0.0433911546754498],
    [75.0, 79.0, 0.027693232196434],
    [80.0, 84.0, 0.0170532928039829],
    [85.0, 100.0, 0.0171554610156702]
  ],
  "population_age_distribution_20": [
    [0.0, 4.0, 0.0605381173520116],
    [5.0, 9.0, 0.060734396722304],
    [10.0, 14.0, 0.0566101569658667],
    [15.0, 19.0, 0.0557345272362203],
    [20.0, 24.0, 0.0612425535030782],
    [25.0, 29.0, 0.084312667951918],
    [30.0, 34.0, 0.0848554024455934],
    [35.0, 39.0, 0.0764781040023024],
    [40.0, 44.0, 0.0697266360597407],
    [45.0, 49.0, 0.0701378396455174],
    [50.0, 54.0, 0.0681980977511943],
    [55.0, 59.0, 0.0653691662398127],
    [60.0, 64.0, 0.0591156851624661],
    [65.0, 69.0, 0.0453212116979792],
    [70.0, 74.0, 0.0312168948061224],
    [75.0, 79.0, 0.02016],
    [80.0, 84.0, 0.01344],
    [85.0, 89.0, 0.01008],
    [90.0, 94.0, 0.00436],
    [95.0, 100.0, 0.00236]
  ],
  "employment_rates_by_age": [
    [16, 0.332],
    [17, 0.332],
    [18, 0.332],
    [19, 0.332],
    [20, 0.699],
    [21, 0.699],
    [22, 0.699],
    [23, 0.699],
    [24, 0.699],
    [25, 0.784],
    [26, 0.784],
    [27, 0.784],
    [28, 0.784],
    [29, 0.784],
    [30, 0.782],
    [31, 0.782],
    [32, 0.782],
    [33, 0.782],
    [34, 0.782],
    [35, 0.792],
    [36, 0.792],
    [37, 0.792],
    [38, 0.792],
    [39, 0.792],
    [40, 0.792],
    [41, 0.792],
    [42, 0.792],
    [43, 0.792],
    [44, 0.792],
    [45, 0.801],
    [46, 0.801],
    [47, 0.801],
    [48, 0.801],
    [49, 0.801],
    [50, 0.801],
    [51, 0.801],
    [52, 0.801],
    [53, 0.801],
    [54, 0.801],
    [55, 0.721],
    [56, 0.721],
    [57, 0.721],
    [58, 0.721],
    [59, 0.721],
    [60, 0.567],
    [61, 0.567],
    [62, 0.567],
    [63, 0.567],
    [64, 0.567],
    [65, 0.242],
    [66, 0.242],
    [67, 0.242],
    [68, 0.242],
    [69, 0.242],
    [70, 0.242],
    [71, 0.242],
    [72, 0.242],
    [73, 0.242],
    [74, 0.242],
    [75, 0.064],
    [76, 0.064],
    [77, 0.064],
    [78, 0.064],
    [79, 0.064],
    [80, 0.064],
    [81, 0.064],
    [82, 0.064],
    [83, 0.064],
    [84, 0.064],
    [85, 0.064],
    [86, 0.064],
    [87, 0.064],
    [88, 0.064],
    [89, 0.064],
    [90, 0.064],
    [91, 0.064],
    [92, 0.064],
    [93, 0.064],
    [94, 0.064],
    [95, 0.064],
    [96, 0.064],
    [97, 0.064],
    [98, 0.064],
    [99, 0.064],
    [100, 0.064]
  ],
  "enrollment_rates_by_age": [],
  "household_head_age_brackets": [
    [18.0, 19.0],
    [20.0, 24.0],
    [25.0, 29.0],
    [30.0, 34.0],
    [35.0, 39.0],
    [40.0, 44.0],
    [45.0, 49.0],
    [50.0, 54.0],
    [55.0, 64.0],
    [65.0, 74.0],
    [75.0, 99.0]
  ],
  "household_head_age_distribution_by_family_size": [
    [1, 1.0, 1.0, 1.0, 1.0, 1.0, 1.0, 1.0, 1.0, 1.0, 1.0, 1.0],
    [2, 163.0, 999.0, 2316.0, 2230.0, 1880.0, 1856.0, 2390.0, 3118.0, 9528.0, 9345.0, 5584.0],
    [3, 115.0, 757.0, 1545.0, 1907.0, 2066.0, 1811.0, 2028.0, 2175.0, 3311.0, 1587.0, 588.0],
    [4, 135.0, 442.0, 1029.0, 1951.0, 2670.0, 2547.0, 2368.0, 1695.0, 1763.0, 520.0, 221.0],
    [5, 61.0, 172.0, 394.0, 905.0, 1429.0, 1232.0, 969.0, 683.0, 623.0, 235.0, 94.0],
    [6, 25.0, 81.0, 153.0, 352.0, 511.0, 459.0, 372.0, 280.0, 280.0, 113.0, 49.0],
    [7, 24.0, 33.0, 63.0, 144.0, 279.0, 242.0, 219.0, 115.0, 157.0, 80.0, 16.0],
    [8, 0.0, 0.0, 0.0, 0.0, 0.0, 0.0, 0.0, 0.0, 0.0, 0.0, 0.0]
  ],
  "household_size_distribution": [
    [1, 0.2619887241739551],
    [2, 0.3604983466150937],
    [3, 0.1523987463629849],
    [4, 0.1295711559880162],
    [5, 0.0579739775346865],
    [6, 0.0224929418163923],
    [7, 0.0150761075088713]
  ],
  "ltcf_resident_to_staff_ratio_distribution": [],
  "ltcf_num_residents_distribution": [],
  "ltcf_num_staff_distribution": [],
  "ltcf_use_rate_distribution": [
    [0.0, 0.0],
    [1.0, 0.0],
    [2.0, 0.0],
    [3.0, 0.0],
    [4.0, 0.0],
    [5.0, 0.0],
    [6.0, 0.0],
    [7.0, 0.0],
    [8.0, 0.0],
    [9.0, 0.0],
    [10.0, 0.0],
    [11.0, 0.0],
    [12.0, 0.0],
    [13.0, 0.0],
    [14.0, 0.0],
    [15.0, 0.0],
    [16.0, 0.0],
    [17.0, 0.0],
    [18.0, 0.0],
    [19.0, 0.0],
    [20.0, 0.0],
    [21.0, 0.0],
    [22.0, 0.0],
    [23.0, 0.0],
    [24.0, 0.0],
    [25.0, 0.0],
    [26.0, 0.0],
    [27.0, 0.0],
    [28.0, 0.0],
    [29.0, 0.0],
    [30.0, 0.0],
    [31.0, 0.0],
    [32.0, 0.0],
    [33.0, 0.0],
    [34.0, 0.0],
    [35.0, 0.0],
    [36.0, 0.0],
    [37.0, 0.0],
    [38.0, 0.0],
    [39.0, 0.0],
    [40.0, 0.0],
    [41.0, 0.0],
    [42.0, 0.0],
    [43.0, 0.0],
    [44.0, 0.0],
    [45.0, 0.0],
    [46.0, 0.0],
    [47.0, 0.0],
    [48.0, 0.0],
    [49.0, 0.0],
    [50.0, 0.0],
    [51.0, 0.0],
    [52.0, 0.0],
    [53.0, 0.0],
    [54.0, 0.0],
    [55.0, 0.0],
    [56.0, 0.0],
    [57.0, 0.0],
    [58.0, 0.0],
    [59.0, 0.0],
    [60.0, 0.01014726],
    [61.0, 0.01014726],
    [62.0, 0.01014726],
    [63.0, 0.01014726],
    [64.0, 0.01014726],
    [65.0, 0.00992606],
    [66.0, 0.00992606],
    [67.0, 0.00992606],
    [68.0, 0.00992606],
    [69.0, 0.00992606],
    [70.0, 0.00992606],
    [71.0, 0.00992606],
    [72.0, 0.00992606],
    [73.0, 0.00992606],
    [74.0, 0.00992606],
    [75.0, 0.06078108],
    [76.0, 0.06078108],
    [77.0, 0.06078108],
    [78.0, 0.06078108],
    [79.0, 0.06078108],
    [80.0, 0.06078108],
    [81.0, 0.06078108],
    [82.0, 0.06078108],
    [83.0, 0.06078108],
    [84.0, 0.06078108],
    [85.0, 0.18420189],
    [86.0, 0.18420189],
    [87.0, 0.18420189],
    [88.0, 0.18420189],
    [89.0, 0.18420189],
    [90.0, 0.18420189],
    [91.0, 0.18420189],
    [92.0, 0.18420189],
    [93.0, 0.18420189],
    [94.0, 0.18420189],
    [95.0, 0.18420189],
    [96.0, 0.18420189],
    [97.0, 0.18420189],
    [98.0, 0.18420189],
    [99.0, 0.18420189],
    [100.0, 0.18420189]
  ],
  "school_size_brackets": [
    [20.0, 50.0],
    [51.0, 100.0],
    [101.0, 300.0],
    [301.0, 500.0],
    [501.0, 700.0],
    [701.0, 900.0],
    [901.0, 1100.0],
    [1101.0, 1300.0],
    [1301.0, 1500.0],
    [1501.0, 1700.0],
    [1701.0, 1900.0],
    [1901.0, 2100.0],
    [2101.0, 2300.0],
    [2301.0, 2700.0]
  ],
  "school_size_distribution": [],
  "school_size_distribution_by_type": [],
  "school_types_by_age": [],
  "workplace_size_counts_by_num_personnel": [
    [1.0, 4.0, 107682.0],
    [5.0, 9.0, 35584.0],
    [10.0, 19.0, 24769.0],
    [20.0, 49.0, 16509.0],
    [50.0, 99.0, 5255.0],
    [100.0, 249.0, 2898.0],
    [250.0, 499.0, 725.0],
    [500.0, 999.0, 245.0],
    [1000.0, 1999.0, 150.0]
  ]
}