{
  "location_name": "usa-Oregon-portland_metro",
  "data_provenance_notices": [],
  "reference_links": [],
  "citations": [],
  "notes": [],
  "parent": "usa-Oregon.json",
  "population_age_distribution_16": [
    [0, 4, 0.0569375666600511],
    [5, 9, 0.0593336979970924],
    [10, 14, 0.0614059078756077],
    [15, 19, 0.0587895260823333],
    [20, 24, 0.0574821419639241],
    [25, 29, 0.0773071033595859],
    [30, 34, 0.077707668749768],
    [35, 39, 0.0753853576205851],
    [40, 44, 0.0715765576063858],
    [45, 49, 0.0694051140058314],
    [50, 54, 0.062004537320754],
    [55, 59, 0.0634555279637402],
    [60, 64, 0.0604071164293932],
    [65, 69, 0.0531376412063593],
    [70, 74, 0.0388387072831098],
    [75, 100, 0.0568258278754786]
  ],
  "population_age_distribution_18": [
    [0, 4, 0.0569375666600511],
    [5, 9, 0.0593336979970924],
    [10, 14, 0.0614059078756077],
    [15, 19, 0.0587895260823333],
    [20, 24, 0.0574821419639241],
    [25, 29, 0.0773071033595859],
    [30, 34, 0.077707668749768],
    [35, 39, 0.0753853576205851],
    [40, 44, 0.0715765576063858],
    [45, 49, 0.0694051140058314],
    [50, 54, 0.062004537320754],
    [55, 59, 0.0634555279637402],
    [60, 64, 0.0604071164293932],
    [65, 69, 0.0531376412063593],
    [70, 74, 0.0388387072831098],
    [75, 79, 0.0251146028472817],
    [80, 84, 0.0156502874550826],
    [85, 100, 0.0160609375731143]
  ],
  "population_age_distribution_20": [
    [0, 4, 0.0569375666600511],
    [5, 9, 0.0593336979970924],
    [10, 14, 0.0614059078756077],
    [15, 19, 0.0587895260823333],
    [20, 24, 0.0574821419639241],
    [25, 29, 0.0773071033595859],
    [30, 34, 0.077707668749768],
    [35, 39, 0.0753853576205851],
    [40, 44, 0.0715765576063858],
    [45, 49, 0.0694051140058314],
    [50, 54, 0.062004537320754],
    [55, 59, 0.0634555279637402],
    [60, 64, 0.0604071164293932],
    [65, 69, 0.0531376412063593],
    [70, 74, 0.0388387072831098],
    [75, 79, 0.0251146028472817],
    [80, 84, 0.0156502874550826],
    [85, 89, 0.0107072917154095],
    [90, 94, 0.0044613715480873],
    [95, 100, 0.0008922743096175]
  ],
  "employment_rates_by_age": [
    [16, 0.32299999999999995],
    [17, 0.32299999999999995],
    [18, 0.32299999999999995],
    [19, 0.32299999999999995],
    [20, 0.731],
    [21, 0.731],
    [22, 0.731],
    [23, 0.731],
    [24, 0.731],
    [25, 0.815],
    [26, 0.815],
    [27, 0.815],
    [28, 0.815],
    [29, 0.815],
    [30, 0.805],
    [31, 0.805],
    [32, 0.805],
    [33, 0.805],
    [34, 0.805],
    [35, 0.8109999999999999],
    [36, 0.8109999999999999],
    [37, 0.8109999999999999],
    [38, 0.8109999999999999],
    [39, 0.8109999999999999],
    [40, 0.8109999999999999],
    [41, 0.8109999999999999],
    [42, 0.8109999999999999],
    [43, 0.8109999999999999],
    [44, 0.8109999999999999],
    [45, 0.815],
    [46, 0.815],
    [47, 0.815],
    [48, 0.815],
    [49, 0.815],
    [50, 0.815],
    [51, 0.815],
    [52, 0.815],
    [53, 0.815],
    [54, 0.815],
    [55, 0.738],
    [56, 0.738],
    [57, 0.738],
    [58, 0.738],
    [59, 0.738],
    [60, 0.5870000000000001],
    [61, 0.5870000000000001],
    [62, 0.5870000000000001],
    [63, 0.5870000000000001],
    [64, 0.5870000000000001],
    [65, 0.257],
    [66, 0.257],
    [67, 0.257],
    [68, 0.257],
    [69, 0.257],
    [70, 0.257],
    [71, 0.257],
    [72, 0.257],
    [73, 0.257],
    [74, 0.257],
    [75, 0.055999999999999994],
    [76, 0.055999999999999994],
    [77, 0.055999999999999994],
    [78, 0.055999999999999994],
    [79, 0.055999999999999994],
    [80, 0.055999999999999994],
    [81, 0.055999999999999994],
    [82, 0.055999999999999994],
    [83, 0.055999999999999994],
    [84, 0.055999999999999994],
    [85, 0.055999999999999994],
    [86, 0.055999999999999994],
    [87, 0.055999999999999994],
    [88, 0.055999999999999994],
    [89, 0.055999999999999994],
    [90, 0.055999999999999994],
    [91, 0.055999999999999994],
    [92, 0.055999999999999994],
    [93, 0.055999999999999994],
    [94, 0.055999999999999994],
    [95, 0.055999999999999994],
    [96, 0.055999999999999994],
    [97, 0.055999999999999994],
    [98, 0.055999999999999994],
    [99, 0.055999999999999994],
    [100, 0.055999999999999994]
  ],
  "enrollment_rates_by_age": [
    [0, 0.0],
    [1, 0.0],
    [2, 0.0],
    [3, 0.457],
    [4, 0.457],
    [5, 0.946],
    [6, 0.946],
    [7, 0.946],
    [8, 0.946],
    [9, 0.946],
    [10, 0.98],
    [11, 0.98],
    [12, 0.98],
    [13, 0.98],
    [14, 0.98],
    [15, 0.983],
    [16, 0.983],
    [17, 0.983],
    [18, 0.7070000000000001],
    [19, 0.7070000000000001],
    [20, 0.34299999999999997],
    [21, 0.34299999999999997],
    [22, 0.34299999999999997],
    [23, 0.34299999999999997],
    [24, 0.34299999999999997],
    [25, 0.11],
    [26, 0.11],
    [27, 0.11],
    [28, 0.11],
    [29, 0.11],
    [30, 0.11],
    [31, 0.11],
    [32, 0.11],
    [33, 0.11],
    [34, 0.11],
    [35, 0.026000000000000002],
    [36, 0.026000000000000002],
    [37, 0.026000000000000002],
    [38, 0.026000000000000002],
    [39, 0.026000000000000002],
    [40, 0.026000000000000002],
    [41, 0.026000000000000002],
    [42, 0.026000000000000002],
    [43, 0.026000000000000002],
    [44, 0.026000000000000002],
    [45, 0.026000000000000002],
    [46, 0.026000000000000002],
    [47, 0.026000000000000002],
    [48, 0.026000000000000002],
    [49, 0.026000000000000002],
    [50, 0.026000000000000002],
    [51, 0.0],
    [52, 0.0],
    [53, 0.0],
    [54, 0.0],
    [55, 0.0],
    [56, 0.0],
    [57, 0.0],
    [58, 0.0],
    [59, 0.0],
    [60, 0.0],
    [61, 0.0],
    [62, 0.0],
    [63, 0.0],
    [64, 0.0],
    [65, 0.0],
    [66, 0.0],
    [67, 0.0],
    [68, 0.0],
    [69, 0.0],
    [70, 0.0],
    [71, 0.0],
    [72, 0.0],
    [73, 0.0],
    [74, 0.0],
    [75, 0.0],
    [76, 0.0],
    [77, 0.0],
    [78, 0.0],
    [79, 0.0],
    [80, 0.0],
    [81, 0.0],
    [82, 0.0],
    [83, 0.0],
    [84, 0.0],
    [85, 0.0],
    [86, 0.0],
    [87, 0.0],
    [88, 0.0],
    [89, 0.0],
    [90, 0.0],
    [91, 0.0],
    [92, 0.0],
    [93, 0.0],
    [94, 0.0],
    [95, 0.0],
    [96, 0.0],
    [97, 0.0],
    [98, 0.0],
    [99, 0.0],
    [100, 0.0]
  ],
  "household_head_age_brackets": [],
  "household_head_age_distribution_by_family_size": [],
  "household_size_distribution": [
    [1, 0.2680756104789062],
    [2, 0.3602629255864462],
    [3, 0.1498083139692569],
    [4, 0.1309842326328058],
    [5, 0.0551800256977612],
    [6, 0.0212210730019572],
    [7, 0.0144678186328665]
  ],
  "ltcf_resident_to_staff_ratio_distribution": [],
  "ltcf_num_residents_distribution": [],
  "ltcf_num_staff_distribution": [],
  "ltcf_use_rate_distribution": [],
  "school_size_brackets": [],
  "school_size_distribution": [],
  "school_size_distribution_by_type": [],
  "school_types_by_age": [],
  "workplace_size_counts_by_num_personnel": [
    [1, 4, 38590.0],
    [5, 9, 13155.0],
    [10, 19, 9181.0],
    [20, 49, 6476.0],
    [50, 99, 2083.0],
    [100, 249, 1106.0],
    [250, 499, 299.0],
    [500, 999, 81.0],
    [1000, 1999, 59.0]
  ]
}