{
  "location_name": "usa-Washington-Franklin_County",
  "data_provenance_notices": [],
  "reference_links": [],
  "citations": [],
  "notes": [],
  "parent": "usa-Washington.json",
  "population_age_distributions": [{
    "num_bins": 16,
    "distribution": [
      [0, 4, 0.0907773413706916],
      [5, 9, 0.0951670832370671],
      [10, 14, 0.088929029005902],
      [15, 19, 0.0749616685219802],
      [20, 24, 0.0728823171115919],
      [25, 29, 0.0702568734116066],
      [30, 34, 0.0737329608703871],
      [35, 39, 0.0691751906072126],
      [40, 44, 0.0706769444036042],
      [45, 49, 0.0574447081556783],
      [50, 54, 0.0546617378336939],
      [55, 59, 0.0456617168301443],
      [60, 64, 0.0430467749049589],
      [65, 69, 0.0372287916657915],
      [70, 74, 0.0258448677826553],
      [75, 100, 0.0295519942870345]
    ]
  }, {
    "num_bins": 18,
    "distribution": [
      [0, 4, 0.0907773413706916],
      [5, 9, 0.0951670832370671],
      [10, 14, 0.088929029005902],
      [15, 19, 0.0749616685219802],
      [20, 24, 0.0728823171115919],
      [25, 29, 0.0702568734116066],
      [30, 34, 0.0737329608703871],
      [35, 39, 0.0691751906072126],
      [40, 44, 0.0706769444036042],
      [45, 49, 0.0574447081556783],
      [50, 54, 0.0546617378336939],
      [55, 59, 0.0456617168301443],
      [60, 64, 0.0430467749049589],
      [65, 69, 0.0372287916657915],
      [70, 74, 0.0258448677826553],
      [75, 79, 0.0118775072987335],
      [80, 84, 0.0063115666547647],
      [85, 100, 0.0113629203335364]
    ]
  }, {
    "num_bins": 20,
    "distribution": [
      [0, 4, 0.0907773413706916],
      [5, 9, 0.0951670832370671],
      [10, 14, 0.088929029005902],
      [15, 19, 0.0749616685219802],
      [20, 24, 0.0728823171115919],
      [25, 29, 0.0702568734116066],
      [30, 34, 0.0737329608703871],
      [35, 39, 0.0691751906072126],
      [40, 44, 0.0706769444036042],
      [45, 49, 0.0574447081556783],
      [50, 54, 0.0546617378336939],
      [55, 59, 0.0456617168301443],
      [60, 64, 0.0430467749049589],
      [65, 69, 0.0372287916657915],
      [70, 74, 0.0258448677826553],
      [75, 79, 0.0118775072987335],
      [80, 84, 0.0063115666547647],
      [85, 89, 0.0075752802223576],
      [90, 94, 0.0031563667593157],
      [95, 100, 0.0006312733518631]
    ]
  }],
  "employment_rates_by_age": [
    [16, 0.187],
    [17, 0.187],
    [18, 0.187],
    [19, 0.187],
    [20, 0.774],
    [21, 0.774],
    [22, 0.774],
    [23, 0.774],
    [24, 0.774],
    [25, 0.687],
    [26, 0.687],
    [27, 0.687],
    [28, 0.687],
    [29, 0.687],
    [30, 0.739],
    [31, 0.739],
    [32, 0.739],
    [33, 0.739],
    [34, 0.739],
    [35, 0.747],
    [36, 0.747],
    [37, 0.747],
    [38, 0.747],
    [39, 0.747],
    [40, 0.747],
    [41, 0.747],
    [42, 0.747],
    [43, 0.747],
    [44, 0.747],
    [45, 0.673],
    [46, 0.673],
    [47, 0.673],
    [48, 0.673],
    [49, 0.673],
    [50, 0.673],
    [51, 0.673],
    [52, 0.673],
    [53, 0.673],
    [54, 0.673],
    [55, 0.735],
    [56, 0.735],
    [57, 0.735],
    [58, 0.735],
    [59, 0.735],
    [60, 0.694],
    [61, 0.694],
    [62, 0.694],
    [63, 0.694],
    [64, 0.694],
    [65, 0.155],
    [66, 0.155],
    [67, 0.155],
    [68, 0.155],
    [69, 0.155],
    [70, 0.155],
    [71, 0.155],
    [72, 0.155],
    [73, 0.155],
    [74, 0.155],
    [75, 0.02],
    [76, 0.02],
    [77, 0.02],
    [78, 0.02],
    [79, 0.02],
    [80, 0.02],
    [81, 0.02],
    [82, 0.02],
    [83, 0.02],
    [84, 0.02],
    [85, 0.02],
    [86, 0.02],
    [87, 0.02],
    [88, 0.02],
    [89, 0.02],
    [90, 0.02],
    [91, 0.02],
    [92, 0.02],
    [93, 0.02],
    [94, 0.02],
    [95, 0.02],
    [96, 0.02],
    [97, 0.02],
    [98, 0.02],
    [99, 0.02],
    [100, 0.02]
  ],
  "enrollment_rates_by_age": [
    [0, 0.0],
    [1, 0.0],
    [2, 0.0],
    [3, 0.334],
    [4, 0.334],
    [5, 0.88],
    [6, 0.88],
    [7, 0.88],
    [8, 0.88],
    [9, 0.88],
    [10, 0.952],
    [11, 0.952],
    [12, 0.952],
    [13, 0.952],
    [14, 0.952],
    [15, 1.0],
    [16, 1.0],
    [17, 1.0],
    [18, 0.575],
    [19, 0.575],
    [20, 0.237],
    [21, 0.237],
    [22, 0.237],
    [23, 0.237],
    [24, 0.237],
    [25, 0.1],
    [26, 0.1],
    [27, 0.1],
    [28, 0.1],
    [29, 0.1],
    [30, 0.1],
    [31, 0.1],
    [32, 0.1],
    [33, 0.1],
    [34, 0.1],
    [35, 0.022],
    [36, 0.022],
    [37, 0.022],
    [38, 0.022],
    [39, 0.022],
    [40, 0.022],
    [41, 0.022],
    [42, 0.022],
    [43, 0.022],
    [44, 0.022],
    [45, 0.022],
    [46, 0.022],
    [47, 0.022],
    [48, 0.022],
    [49, 0.022],
    [50, 0.022],
    [51, 0.0],
    [52, 0.0],
    [53, 0.0],
    [54, 0.0],
    [55, 0.0],
    [56, 0.0],
    [57, 0.0],
    [58, 0.0],
    [59, 0.0],
    [60, 0.0],
    [61, 0.0],
    [62, 0.0],
    [63, 0.0],
    [64, 0.0],
    [65, 0.0],
    [66, 0.0],
    [67, 0.0],
    [68, 0.0],
    [69, 0.0],
    [70, 0.0],
    [71, 0.0],
    [72, 0.0],
    [73, 0.0],
    [74, 0.0],
    [75, 0.0],
    [76, 0.0],
    [77, 0.0],
    [78, 0.0],
    [79, 0.0],
    [80, 0.0],
    [81, 0.0],
    [82, 0.0],
    [83, 0.0],
    [84, 0.0],
    [85, 0.0],
    [86, 0.0],
    [87, 0.0],
    [88, 0.0],
    [89, 0.0],
    [90, 0.0],
    [91, 0.0],
    [92, 0.0],
    [93, 0.0],
    [94, 0.0],
    [95, 0.0],
    [96, 0.0],
    [97, 0.0],
    [98, 0.0],
    [99, 0.0],
    [100, 0.0]
  ],
  "household_head_age_brackets": [],
  "household_head_age_distribution_by_family_size": [],
  "household_size_distribution": [
    [1, 0.1794261771181024],
    [2, 0.2575101200198849],
    [3, 0.1560968681201619],
    [4, 0.1997372345714083],
    [5, 0.1008096015907961],
    [6, 0.0336268730913998],
    [7, 0.0727931254882466]
  ],
  "ltcf_resident_to_staff_ratio_distribution": [
    [1.0, 1.0, 0.0],
    [2.0, 2.0, 0.0],
    [3.0, 3.0, 0.0],
    [4.0, 4.0, 0.0],
    [5.0, 5.0, 0.0],
    [6.0, 6.0, 0.0],
    [7.0, 7.0, 0.0],
    [8.0, 8.0, 0.0],
    [9.0, 9.0, 0.0],
    [10.0, 10.0, 0.5],
    [11.0, 11.0, 0.5]
  ],
  "ltcf_num_residents_distribution": [],
  "ltcf_num_staff_distribution": [],
  "ltcf_use_rate_distribution": [
    [0, 0.0],
    [1, 0.0],
    [2, 0.0],
    [3, 0.0],
    [4, 0.0],
    [5, 0.0],
    [6, 0.0],
    [7, 0.0],
    [8, 0.0],
    [9, 0.0],
    [10, 0.0],
    [11, 0.0],
    [12, 0.0],
    [13, 0.0],
    [14, 0.0],
    [15, 0.0],
    [16, 0.0],
    [17, 0.0],
    [18, 0.0],
    [19, 0.0],
    [20, 0.0],
    [21, 0.0],
    [22, 0.0],
    [23, 0.0],
    [24, 0.0],
    [25, 0.0],
    [26, 0.0],
    [27, 0.0],
    [28, 0.0],
    [29, 0.0],
    [30, 0.0],
    [31, 0.0],
    [32, 0.0],
    [33, 0.0],
    [34, 0.0],
    [35, 0.0],
    [36, 0.0],
    [37, 0.0],
    [38, 0.0],
    [39, 0.0],
    [40, 0.0],
    [41, 0.0],
    [42, 0.0],
    [43, 0.0],
    [44, 0.0],
    [45, 0.0],
    [46, 0.0],
    [47, 0.0],
    [48, 0.0],
    [49, 0.0],
    [50, 0.0],
    [51, 0.0],
    [52, 0.0],
    [53, 0.0],
    [54, 0.0],
    [55, 0.0],
    [56, 0.0],
    [57, 0.0],
    [58, 0.0],
    [59, 0.0],
    [60, 0.01014726],
    [61, 0.01014726],
    [62, 0.01014726],
    [63, 0.01014726],
    [64, 0.01014726],
    [65, 0.00992606],
    [66, 0.00992606],
    [67, 0.00992606],
    [68, 0.00992606],
    [69, 0.00992606],
    [70, 0.00992606],
    [71, 0.00992606],
    [72, 0.00992606],
    [73, 0.00992606],
    [74, 0.00992606],
    [75, 0.06078108],
    [76, 0.06078108],
    [77, 0.06078108],
    [78, 0.06078108],
    [79, 0.06078108],
    [80, 0.06078108],
    [81, 0.06078108],
    [82, 0.06078108],
    [83, 0.06078108],
    [84, 0.06078108],
    [85, 0.18420189],
    [86, 0.18420189],
    [87, 0.18420189],
    [88, 0.18420189],
    [89, 0.18420189],
    [90, 0.18420189],
    [91, 0.18420189],
    [92, 0.18420189],
    [93, 0.18420189],
    [94, 0.18420189],
    [95, 0.18420189],
    [96, 0.18420189],
    [97, 0.18420189],
    [98, 0.18420189],
    [99, 0.18420189],
    [100, 0.18420189]
  ],