{
  "location_name": "usa-Washington-Island_County",
  "data_provenance_notices": [],
  "reference_links": [],
  "citations": [],
  "notes": [],
  "parent": "usa-Washington.json",
  "population_age_distributions": [{
    "num_bins": 16,
    "distribution": [
      [0, 4, 0.0631540620852468],
      [5, 9, 0.0475564064316839],
      [10, 14, 0.042740865153099],
      [15, 19, 0.0518903935824104],
      [20, 24, 0.0686038453858893],
      [25, 29, 0.0735955650039346],
      [30, 34, 0.0604644061028177],
      [35, 39, 0.0673940874549277],
      [40, 44, 0.0432341645035882],
      [45, 49, 0.0422475658026098],
      [50, 54, 0.0549558966890217],
      [55, 59, 0.0655853231698007],
      [60, 64, 0.0768607368952678],
      [65, 69, 0.0754395649569538],
      [70, 74, 0.0707884567951986],
      [75, 100, 0.0954886599875501]
    ]
  }, {
    "num_bins": 18,
    "distribution": [
      [0, 4, 0.0631540620852468],
      [5, 9, 0.0475564064316839],
      [10, 14, 0.042740865153099],
      [15, 19, 0.0518903935824104],
      [20, 24, 0.0686038453858893],
      [25, 29, 0.0735955650039346],
      [30, 34, 0.0604644061028177],
      [35, 39, 0.0673940874549277],
      [40, 44, 0.0432341645035882],
      [45, 49, 0.0422475658026098],
      [50, 54, 0.0549558966890217],
      [55, 59, 0.0655853231698007],
      [60, 64, 0.0768607368952678],
      [65, 69, 0.0754395649569538],
      [70, 74, 0.0707884567951986],
      [75, 79, 0.0539105718748899],
      [80, 84, 0.0214820121915411],
      [85, 100, 0.0200960759211191]
    ]
  }, {
    "num_bins": 20,
    "distribution": [
      [0, 4, 0.0631540620852468],
      [5, 9, 0.0475564064316839],
      [10, 14, 0.042740865153099],
      [15, 19, 0.0518903935824104],
      [20, 24, 0.0686038453858893],
      [25, 29, 0.0735955650039346],
      [30, 34, 0.0604644061028177],
      [35, 39, 0.0673940874549277],
      [40, 44, 0.0432341645035882],
      [45, 49, 0.0422475658026098],
      [50, 54, 0.0549558966890217],
      [55, 59, 0.0655853231698007],
      [60, 64, 0.0768607368952678],
      [65, 69, 0.0754395649569538],
      [70, 74, 0.0707884567951986],
      [75, 79, 0.0539105718748899],
      [80, 84, 0.0214820121915411],
      [85, 89, 0.0133973839474127],
      [90, 94, 0.005582243311422],
      [95, 100, 0.0011164486622844]
    ]
  }],
  "employment_rates_by_age": [
    [16, 0.278],
    [17, 0.278],
    [18, 0.278],
    [19, 0.278],
    [20, 0.407],
    [21, 0.407],
    [22, 0.407],
    [23, 0.407],
    [24, 0.407],
    [25, 0.548],
    [26, 0.548],
    [27, 0.548],
    [28, 0.548],
    [29, 0.548],
    [30, 0.649],
    [31, 0.649],
    [32, 0.649],
    [33, 0.649],
    [34, 0.649],
    [35, 0.732],
    [36, 0.732],
    [37, 0.732],
    [38, 0.732],
    [39, 0.732],
    [40, 0.732],
    [41, 0.732],
    [42, 0.732],
    [43, 0.732],
    [44, 0.732],
    [45, 0.826],
    [46, 0.826],
    [47, 0.826],
    [48, 0.826],
    [49, 0.826],
    [50, 0.826],
    [51, 0.826],
    [52, 0.826],
    [53, 0.826],
    [54, 0.826],
    [55, 0.732],
    [56, 0.732],
    [57, 0.732],
    [58, 0.732],
    [59, 0.732],
    [60, 0.487],
    [61, 0.487],
    [62, 0.487],
    [63, 0.487],
    [64, 0.487],
    [65, 0.179],
    [66, 0.179],
    [67, 0.179],
    [68, 0.179],
    [69, 0.179],
    [70, 0.179],
    [71, 0.179],
    [72, 0.179],
    [73, 0.179],
    [74, 0.179],
    [75, 0.108],
    [76, 0.108],
    [77, 0.108],
    [78, 0.108],
    [79, 0.108],
    [80, 0.108],
    [81, 0.108],
    [82, 0.108],
    [83, 0.108],
    [84, 0.108],
    [85, 0.108],
    [86, 0.108],
    [87, 0.108],
    [88, 0.108],
    [89, 0.108],
    [90, 0.108],
    [91, 0.108],
    [92, 0.108],
    [93, 0.108],
    [94, 0.108],
    [95, 0.108],
    [96, 0.108],
    [97, 0.108],
    [98, 0.108],
    [99, 0.108],
    [100, 0.108]
  ],
  "enrollment_rates_by_age": [
    [0, 0.0],
    [1, 0.0],
    [2, 0.0],
    [3, 0.496],
    [4, 0.496],
    [5, 0.873],
    [6, 0.873],
    [7, 0.873],
    [8, 0.873],
    [9, 0.873],
    [10, 1.0],
    [11, 1.0],
    [12, 1.0],
    [13, 1.0],
    [14, 1.0],
    [15, 0.794],
    [16, 0.794],
    [17, 0.794],
    [18, 0.54],
    [19, 0.54],
    [20, 0.078],
    [21, 0.078],
    [22, 0.078],
    [23, 0.078],
    [24, 0.078],
    [25, 0.094],
    [26, 0.094],
    [27, 0.094],
    [28, 0.094],
    [29, 0.094],
    [30, 0.094],
    [31, 0.094],
    [32, 0.094],
    [33, 0.094],
    [34, 0.094],
    [35, 0.023],
    [36, 0.023],
    [37, 0.023],
    [38, 0.023],
    [39, 0.023],
    [40, 0.023],
    [41, 0.023],
    [42, 0.023],
    [43, 0.023],
    [44, 0.023],
    [45, 0.023],
    [46, 0.023],
    [47, 0.023],
    [48, 0.023],
    [49, 0.023],
    [50, 0.023],
    [51, 0.0],
    [52, 0.0],
    [53, 0.0],
    [54, 0.0],
    [55, 0.0],
    [56, 0.0],
    [57, 0.0],
    [58, 0.0],
    [59, 0.0],
    [60, 0.0],
    [61, 0.0],
    [62, 0.0],
    [63, 0.0],
    [64, 0.0],
    [65, 0.0],
    [66, 0.0],
    [67, 0.0],
    [68, 0.0],
    [69, 0.0],
    [70, 0.0],
    [71, 0.0],
    [72, 0.0],
    [73, 0.0],
    [74, 0.0],
    [75, 0.0],
    [76, 0.0],
    [77, 0.0],
    [78, 0.0],
    [79, 0.0],
    [80, 0.0],
    [81, 0.0],
    [82, 0.0],
    [83, 0.0],
    [84, 0.0],
    [85, 0.0],
    [86, 0.0],
    [87, 0.0],
    [88, 0.0],
    [89, 0.0],
    [90, 0.0],
    [91, 0.0],
    [92, 0.0],
    [93, 0.0],
    [94, 0.0],
    [95, 0.0],
    [96, 0.0],
    [97, 0.0],
    [98, 0.0],
    [99, 0.0],
    [100, 0.0]
  ],
  "household_head_age_brackets": [],
  "household_head_age_distribution_by_family_size": [],
  "household_size_distribution": [
    [1, 0.2565896700949812],
    [2, 0.4479289608272916],
    [3, 0.1167312988253808],
    [4, 0.0984656887540044],
    [5, 0.0393132130613163],
    [6, 0.0251784409599281],
    [7, 0.0157927274770977]
  ],
  "ltcf_resident_to_staff_ratio_distribution": [
    [1.0, 1.0, 0.0],
    [2.0, 2.0, 0.0],
    [3.0, 3.0, 0.0],
    [4.0, 4.0, 0.0],
    [5.0, 5.0, 0.0],
    [6.0, 6.0, 0.0],
    [7.0, 7.0, 0.0],
    [8.0, 8.0, 0.0],
    [9.0, 9.0, 0.5],
    [10.0, 10.0, 0.0],
    [11.0, 11.0, 0.0],
    [12.0, 12.0, 0.5]
  ],
  "ltcf_num_residents_distribution": [],
  "ltcf_num_staff_distribution": [],
  "ltcf_use_rate_distribution": [
    [0, 0.0],
    [1, 0.0],
    [2, 0.0],
    [3, 0.0],
    [4, 0.0],
    [5, 0.0],
    [6, 0.0],
    [7, 0.0],
    [8, 0.0],
    [9, 0.0],
    [10, 0.0],
    [11, 0.0],
    [12, 0.0],
    [13, 0.0],
    [14, 0.0],
    [15, 0.0],
    [16, 0.0],
    [17, 0.0],
    [18, 0.0],
    [19, 0.0],
    [20, 0.0],
    [21, 0.0],
    [22, 0.0],
    [23, 0.0],
    [24, 0.0],
    [25, 0.0],
    [26, 0.0],
    [27, 0.0],
    [28, 0.0],
    [29, 0.0],
    [30, 0.0],
    [31, 0.0],
    [32, 0.0],
    [33, 0.0],
    [34, 0.0],
    [35, 0.0],
    [36, 0.0],
    [37, 0.0],
    [38, 0.0],
    [39, 0.0],
    [40, 0.0],
    [41, 0.0],
    [42, 0.0],
    [43, 0.0],
    [44, 0.0],
    [45, 0.0],
    [46, 0.0],
    [47, 0.0],
    [48, 0.0],
    [49, 0.0],
    [50, 0.0],
    [51, 0.0],
    [52, 0.0],
    [53, 0.0],
    [54, 0.0],
    [55, 0.0],
    [56, 0.0],
    [57, 0.0],
    [58, 0.0],
    [59, 0.0],
    [60, 0.01014726],
    [61, 0.01014726],
    [62, 0.01014726],
    [63, 0.01014726],
    [64, 0.01014726],
    [65, 0.00992606],
    [66, 0.00992606],
    [67, 0.00992606],
    [68, 0.00992606],
    [69, 0.00992606],
    [70, 0.00992606],
    [71, 0.00992606],
    [72, 0.00992606],
    [73, 0.00992606],
    [74, 0.00992606],
    [75, 0.06078108],
    [76, 0.06078108],
    [77, 0.06078108],
    [78, 0.06078108],
    [79, 0.06078108],
    [80, 0.06078108],
    [81, 0.06078108],
    [82, 0.06078108],
    [83, 0.06078108],
    [84, 0.06078108],
    [85, 0.18420189],
    [86, 0.18420189],
    [87, 0.18420189],
    [88, 0.18420189],
    [89, 0.18420189],
    [90, 0.18420189],
    [91, 0.18420189],
    [92, 0.18420189],
    [93, 0.18420189],
    [94, 0.18420189],
    [95, 0.18420189],
    [96, 0.18420189],
    [97, 0.18420189],
    [98, 0.18420189],
    [99, 0.18420189],
    [100, 0.18420189]
  ],