{
  "location_name": "usa-Washington-Spokane_County",
  "data_provenance_notices": [],
  "reference_links": [],
  "citations": [],
  "notes": [],
  "parent": "usa-Washington.json",
  "population_age_distributions": [{
    "num_bins": 16,
    "distribution": [
      [0, 4, 0.060017444596192],
      [5, 9, 0.0556869001029078],
      [10, 14, 0.0674964326565901],
      [15, 19, 0.0645736976805573],
      [20, 24, 0.0657883159461207],
      [25, 29, 0.0763392361868255],
      [30, 34, 0.0730626360468097],
      [35, 39, 0.0656926767126118],
      [40, 44, 0.0597802592970899],
      [45, 49, 0.0598433811912058],
      [50, 54, 0.0569589019085765],
      [55, 59, 0.0605778905045543],
      [60, 64, 0.0686880975061114],
      [65, 69, 0.0492006472863324],
      [70, 74, 0.0510024904456406],
      [75, 100, 0.0652909919318743]
    ]
  }, {
    "num_bins": 18,
    "distribution": [
      [0, 4, 0.060017444596192],
      [5, 9, 0.0556869001029078],
      [10, 14, 0.0674964326565901],
      [15, 19, 0.0645736976805573],
      [20, 24, 0.0657883159461207],
      [25, 29, 0.0763392361868255],
      [30, 34, 0.0730626360468097],
      [35, 39, 0.0656926767126118],
      [40, 44, 0.0597802592970899],
      [45, 49, 0.0598433811912058],
      [50, 54, 0.0569589019085765],
      [55, 59, 0.0605778905045543],
      [60, 64, 0.0686880975061114],
      [65, 69, 0.0492006472863324],
      [70, 74, 0.0510024904456406],
      [75, 79, 0.0282633062865581],
      [80, 84, 0.0194931885737895],
      [85, 100, 0.0175344970715267]
    ]
  }, {
    "num_bins": 20,
    "distribution": [
      [0, 4, 0.060017444596192],
      [5, 9, 0.0556869001029078],
      [10, 14, 0.0674964326565901],
      [15, 19, 0.0645736976805573],
      [20, 24, 0.0657883159461207],
      [25, 29, 0.0763392361868255],
      [30, 34, 0.0730626360468097],
      [35, 39, 0.0656926767126118],
      [40, 44, 0.0597802592970899],
      [45, 49, 0.0598433811912058],
      [50, 54, 0.0569589019085765],
      [55, 59, 0.0605778905045543],
      [60, 64, 0.0686880975061114],
      [65, 69, 0.0492006472863324],
      [70, 74, 0.0510024904456406],
      [75, 79, 0.0282633062865581],
      [80, 84, 0.0194931885737895],
      [85, 89, 0.0116896647143511],
      [90, 94, 0.0048706936309796],
      [95, 100, 0.0009741387261959]
    ]
  }],
  "employment_rates_by_age": [
    [16, 0.322],
    [17, 0.322],
    [18, 0.322],
    [19, 0.322],
    [20, 0.693],
    [21, 0.693],
    [22, 0.693],
    [23, 0.693],
    [24, 0.693],
    [25, 0.731],
    [26, 0.731],
    [27, 0.731],
    [28, 0.731],
    [29, 0.731],
    [30, 0.76],
    [31, 0.76],
    [32, 0.76],
    [33, 0.76],
    [34, 0.76],
    [35, 0.758],
    [36, 0.758],
    [37, 0.758],
    [38, 0.758],
    [39, 0.758],
    [40, 0.758],
    [41, 0.758],
    [42, 0.758],
    [43, 0.758],
    [44, 0.758],
    [45, 0.718],
    [46, 0.718],
    [47, 0.718],
    [48, 0.718],
    [49, 0.718],
    [50, 0.718],
    [51, 0.718],
    [52, 0.718],
    [53, 0.718],
    [54, 0.718],
    [55, 0.712],
    [56, 0.712],
    [57, 0.712],
    [58, 0.712],
    [59, 0.712],
    [60, 0.526],
    [61, 0.526],
    [62, 0.526],
    [63, 0.526],
    [64, 0.526],
    [65, 0.227],
    [66, 0.227],
    [67, 0.227],
    [68, 0.227],
    [69, 0.227],
    [70, 0.227],
    [71, 0.227],
    [72, 0.227],
    [73, 0.227],
    [74, 0.227],
    [75, 0.035],
    [76, 0.035],
    [77, 0.035],
    [78, 0.035],
    [79, 0.035],
    [80, 0.035],
    [81, 0.035],
    [82, 0.035],
    [83, 0.035],
    [84, 0.035],
    [85, 0.035],
    [86, 0.035],
    [87, 0.035],
    [88, 0.035],
    [89, 0.035],
    [90, 0.035],
    [91, 0.035],
    [92, 0.035],
    [93, 0.035],
    [94, 0.035],
    [95, 0.035],
    [96, 0.035],
    [97, 0.035],
    [98, 0.035],
    [99, 0.035],
    [100, 0.035]
  ],
  "enrollment_rates_by_age": [
    [0, 0.0],
    [1, 0.0],
    [2, 0.0],
    [3, 0.463],
    [4, 0.463],
    [5, 0.963],
    [6, 0.963],
    [7, 0.963],
    [8, 0.963],
    [9, 0.963],
    [10, 0.98],
    [11, 0.98],
    [12, 0.98],
    [13, 0.98],
    [14, 0.98],
    [15, 0.975],
    [16, 0.975],
    [17, 0.975],
    [18, 0.748],
    [19, 0.748],
    [20, 0.361],
    [21, 0.361],
    [22, 0.361],
    [23, 0.361],
    [24, 0.361],
    [25, 0.125],
    [26, 0.125],
    [27, 0.125],
    [28, 0.125],
    [29, 0.125],
    [30, 0.125],
    [31, 0.125],
    [32, 0.125],
    [33, 0.125],
    [34, 0.125],
    [35, 0.024],
    [36, 0.024],
    [37, 0.024],
    [38, 0.024],
    [39, 0.024],
    [40, 0.024],
    [41, 0.024],
    [42, 0.024],
    [43, 0.024],
    [44, 0.024],
    [45, 0.024],
    [46, 0.024],
    [47, 0.024],
    [48, 0.024],
    [49, 0.024],
    [50, 0.024],
    [51, 0.0],
    [52, 0.0],
    [53, 0.0],
    [54, 0.0],
    [55, 0.0],
    [56, 0.0],
    [57, 0.0],
    [58, 0.0],
    [59, 0.0],
    [60, 0.0],
    [61, 0.0],
    [62, 0.0],
    [63, 0.0],
    [64, 0.0],
    [65, 0.0],
    [66, 0.0],
    [67, 0.0],
    [68, 0.0],
    [69, 0.0],
    [70, 0.0],
    [71, 0.0],
    [72, 0.0],
    [73, 0.0],
    [74, 0.0],
    [75, 0.0],
    [76, 0.0],
    [77, 0.0],
    [78, 0.0],
    [79, 0.0],
    [80, 0.0],
    [81, 0.0],
    [82, 0.0],
    [83, 0.0],
    [84, 0.0],
    [85, 0.0],
    [86, 0.0],
    [87, 0.0],
    [88, 0.0],
    [89, 0.0],
    [90, 0.0],
    [91, 0.0],
    [92, 0.0],
    [93, 0.0],
    [94, 0.0],
    [95, 0.0],
    [96, 0.0],
    [97, 0.0],
    [98, 0.0],
    [99, 0.0],
    [100, 0.0]
  ],
  "household_head_age_brackets": [],
  "household_head_age_distribution_by_family_size": [],
  "household_size_distribution": [
    [1, 0.2911351152213033],
    [2, 0.3612078045370602],
    [3, 0.1395644308837491],
    [4, 0.1174222923347959],
    [5, 0.0490688305002291],
    [6, 0.0258214742847966],
    [7, 0.0157800522380658]
  ],
  "ltcf_resident_to_staff_ratio_distribution": [
    [1.0, 1.0, 0.0],
    [2.0, 2.0, 0.0],
    [3.0, 3.0, 0.0],
    [4.0, 4.0, 0.0],
    [5.0, 5.0, 0.0],
    [6.0, 6.0, 0.0],
    [7.0, 7.0, 0.09375],
    [8.0, 8.0, 0.09375],
    [9.0, 9.0, 0.1875],
    [10.0, 10.0, 0.125],
    [11.0, 11.0, 0.1875],
    [12.0, 12.0, 0.0625],
    [13.0, 13.0, 0.09375],
    [14.0, 14.0, 0.15625]
  ],
  "ltcf_num_residents_distribution": [
    [0.0, 19.0, 0.0],
    [20.0, 39.0, 0.0895522388059701],
    [40.0, 59.0, 0.1343283582089552],
    [60.0, 79.0, 0.1343283582089552],
    [80.0, 99.0, 0.1940298507462686],
    [100.0, 119.0, 0.1044776119402985],
    [120.0, 139.0, 0.1194029850746268],
    [140.0, 159.0, 0.0597014925373134],
    [160.0, 179.0, 0.0149253731343283],
    [180.0, 199.0, 0.0],
    [200.0, 219.0, 0.0149253731343283],
    [220.0, 239.0, 0.0149253731343283],
    [240.0, 259.0, 0.0],
    [260.0, 279.0, 0.0298507462686567],
    [280.0, 299.0, 0.0],
    [300.0, 319.0, 0.0298507462686567],
    [320.0, 339.0, 0.0149253731343283],
    [340.0, 359.0, 0.0],
    [360.0, 379.0, 0.0],
    [380.0, 399.0, 0.0],
    [400.0, 419.0, 0.0],
    [420.0, 439.0, 0.0149253731343283],
    [440.0, 459.0, 0.0149253731343283],
    [460.0, 479.0, 0.0],
    [480.0, 499.0, 0.0],
    [500.0, 519.0, 0.0],
    [520.0, 539.0, 0.0149253731343283],
    [540.0, 559.0, 0.0],
    [560.0, 579.0, 0.0],
    [580.0, 599.0, 0.0],
    [600.0, 619.0, 0.0],
    [620.0, 639.0, 0.0],
    [640.0, 659.0, 0.0],
    [660.0, 679.0, 0.0],
    [680.0, 699.0, 0.0]
  ],
  "ltcf_num_staff_distribution": [],