bin,percent
0,0.0
1,0.0
2,0.0
3,0.0
4,0.0
5,0.0
6,0.09375
7,0.09375
8,0.1875
9,0.125
10,0.1875
11,0.0625
12,0.09375
13,0.15625
